{"inputUnits":[34],"outputUnits":16,"inputs":{"0":{"dtype":"number","min":215.1813927960907,"max":543.2551083927266},"1":{"dtype":"number","min":-11.363411767673313,"max":223.20630971451249},"2":{"dtype":"number","min":223.75646936963176,"max":553.2878460800438},"3":{"dtype":"number","min":-47.42814924749482,"max":193.1284967314662},"4":{"dtype":"number","min":205.98414668330437,"max":536.6540509497213},"5":{"dtype":"number","min":-62.4032979448404,"max":183.66487499333726},"6":{"dtype":"number","min":237.54957485384875,"max":559.9993043568631},"7":{"dtype":"number","min":-34.01197823864675,"max":210.03071864910754},"8":{"dtype":"number","min":174.20099923949957,"max":517.8601901108293},"9":{"dtype":"number","min":-32.822145458318104,"max":195.29826589959868},"10":{"dtype":"number","min":253.49775109839484,"max":538.2989964475873},"11":{"dtype":"number","min":93.30234163221095,"max":434.809701187104},"12":{"dtype":"number","min":79.38593948096559,"max":479.5013114676373},"13":{"dtype":"number","min":89.58928693804825,"max":400.7515984250788},"14":{"dtype":"number","min":290.10380735639006,"max":596.7524942319992},"15":{"dtype":"number","min":56.04911938048244,"max":557.3245984350729},"16":{"dtype":"number","min":-38.91388117918494,"max":407.77767962182475},"17":{"dtype":"number","min":70.81450642665692,"max":568.5330860517178},"18":{"dtype":"number","min":286.9567204823038,"max":664.119780244883},"19":{"dtype":"number","min":-5.2288830257066365,"max":548.2087972243162},"20":{"dtype":"number","min":-27.133389300073098,"max":351.960179141158},"21":{"dtype":"number","min":-9.92775959810551,"max":560.5358916462977},"22":{"dtype":"number","min":263.5702859681484,"max":504.5118412962201},"23":{"dtype":"number","min":182.33292696768774,"max":565.1543683801245},"24":{"dtype":"number","min":74.30021051774945,"max":417.4361608553583},"25":{"dtype":"number","min":190.29512818096674,"max":563.2921967683014},"26":{"dtype":"number","min":275.5689086319178,"max":516.0424578631365},"27":{"dtype":"number","min":202.728840194018,"max":559.6889045224552},"28":{"dtype":"number","min":76.69710988422118,"max":434.6999949553789},"29":{"dtype":"number","min":187.09120246634382,"max":561.9886946352834},"30":{"dtype":"number","min":283.5184248241997,"max":516.8864366557398},"31":{"dtype":"number","min":247.42196780199197,"max":562.5084414119608},"32":{"dtype":"number","min":77.46707641125654,"max":424.3600416276422},"33":{"dtype":"number","min":265.3249057226943,"max":564.1667332937378}},"outputs":{"0":{"dtype":"string","min":0,"max":1,"uniqueValues":["1","2","3","4","5","6","7","8","9","0","K","L","J","H","G","S"],"legend":{"0":[0,0,0,0,0,0,0,0,0,1,0,0,0,0,0,0],"1":[1,0,0,0,0,0,0,0,0,0,0,0,0,0,0,0],"2":[0,1,0,0,0,0,0,0,0,0,0,0,0,0,0,0],"3":[0,0,1,0,0,0,0,0,0,0,0,0,0,0,0,0],"4":[0,0,0,1,0,0,0,0,0,0,0,0,0,0,0,0],"5":[0,0,0,0,1,0,0,0,0,0,0,0,0,0,0,0],"6":[0,0,0,0,0,1,0,0,0,0,0,0,0,0,0,0],"7":[0,0,0,0,0,0,1,0,0,0,0,0,0,0,0,0],"8":[0,0,0,0,0,0,0,1,0,0,0,0,0,0,0,0],"9":[0,0,0,0,0,0,0,0,1,0,0,0,0,0,0,0],"K":[0,0,0,0,0,0,0,0,0,0,1,0,0,0,0,0],"L":[0,0,0,0,0,0,0,0,0,0,0,1,0,0,0,0],"J":[0,0,0,0,0,0,0,0,0,0,0,0,1,0,0,0],"H":[0,0,0,0,0,0,0,0,0,0,0,0,0,1,0,0],"G":[0,0,0,0,0,0,0,0,0,0,0,0,0,0,1,0],"S":[0,0,0,0,0,0,0,0,0,0,0,0,0,0,0,1]}}},"isNormalized":true}